Code Tiers;Nom;CP;Ville;EAN;Ref;Désignation;Famille;sous-famille;Marque;Colis;Qte;BLqte;PUB;R1;R2;RQ;Montant;Code TVA;Code TPF;Taxe Soda;EcoTaxe;Prix Net
C7806932;POP LA COOP                           ;78160   ;MARLY LE ROI                          ;9999999100499;LEG329                   ;BETTERAVE CHIOGGIA FRANCE, LE KG                                                ;01      ;1LEG    ;BETTERAV;     1;       5,000;       5,000;       1,860;  0,00;  0,00;  0,00;         9,30;1;1;      0,0000;   0,0000;       1,860
C7806932;POP LA COOP                           ;78160   ;MARLY LE ROI                          ;9999990003794;LEG177                   ;BLETTE PIED FRANCE, LE KG                                                       ;01      ;1LEG    ;BLETTE  ;     1;       7,000;       7,000;       2,250;  0,00;  0,00;  0,00;        15,75;1;1;      0,0000;   0,0000;       2,250
C7806932;POP LA COOP                           ;78160   ;MARLY LE ROI                          ;9999990004234;LEG185                   ;CAROTTE BOTTE FRANCE, LA PIECE                                                  ;01      ;1LEG    ;CAROTTE ;     2;      24,000;      24,000;       2,210;  0,00;  0,00;  0,00;        53,04;1;1;      0,0000;   0,0000;       2,210
C7806932;POP LA COOP                           ;78160   ;MARLY LE ROI                          ;9999990001642;LEG158                   ;CELERI BRANCHE FRANCE, LE KG                                                    ;01      ;1LEG    ;CELERI  ;     1;       5,000;       5,000;       1,980;  0,00;  0,00;  0,00;         9,90;1;1;      0,0000;   0,0000;       1,980
C7806932;POP LA COOP                           ;78160   ;MARLY LE ROI                          ;9999999103322;LEG578                   ;CHAMPIGNON BRUN *VRAC* PIED NON COUPE FRANCE, LE KG                             ;01      ;1LEG    ;CHAMPIGN;     3;       6,000;       6,000;       7,560;  0,00;  0,00;  0,00;        45,36;1;1;      0,0000;   0,0000;       7,560
C7806932;POP LA COOP                           ;78160   ;MARLY LE ROI                          ;9999990001057;LEG099                   ;CHOUX BROCOLI FRANCE, LE KG                                                     ;01      ;1LEG    ;CHOUXBRO;     1;       5,000;       5,000;       4,760;  0,00;  0,00;  0,00;        23,80;1;1;      0,0000;   0,0000;       4,760
C7806932;POP LA COOP                           ;78160   ;MARLY LE ROI                          ;             ;LEG1030                  ;CHOUX KALE FRANCE, 4 KG, LE KG                                                  ;01      ;1LEG    ;CHOUX   ;     1;       4,000;       4,000;       3,070;  0,00;  0,00;  0,00;        12,28;1;1;      0,0000;   0,0000;       3,070
C7806932;POP LA COOP                           ;78160   ;MARLY LE ROI                          ;9999990000184;LEG011                   ;CHOUX-FLEURS FRANCE, 8 PCES, LE COLIS                                           ;01      ;1LEG    ;CHOUXFL ;     1;       1,000;       1,000;      13,260;  0,00;  0,00;  0,00;        13,26;1;1;      0,0000;   0,0000;      13,260
C7806932;POP LA COOP                           ;78160   ;MARLY LE ROI                          ;9999990001381;LEG132                   ;COURGE BUTTERNUT FRANCE, LE KG                                                  ;01      ;1LEG    ;COURGE  ;     1;      16,500;      16,500;       1,700;  0,00;  0,00;  0,00;        28,05;1;1;      0,0000;   0,0000;       1,700
C7806932;POP LA COOP                           ;78160   ;MARLY LE ROI                          ;9999999107214;LEG585                   ;COURGE POTIMARRON ORANGE FRANCE, LE KG                                          ;01      ;1LEG    ;POTIMARR;     1;      13,000;      13,000;       1,720;  0,00;  0,00;  0,00;        22,36;1;1;      0,0000;   0,0000;       1,720
C7806932;POP LA COOP                           ;78160   ;MARLY LE ROI                          ;9999990000364;LEG030                   ;FENOUIL FRANCE, LE KG                                                           ;01      ;1LEG    ;FENOUIL ;     1;       7,000;       7,000;       3,920;  0,00;  0,00;  0,00;        27,44;1;1;      0,0000;   0,0000;       3,920
C7806932;POP LA COOP                           ;78160   ;MARLY LE ROI                          ;9999990000111;LEG004                   ;NAVET BOULE D'OR FRANCE, CAL 40/60, LE KG                                       ;01      ;1LEG    ;NAVET   ;     1;       5,000;       5,000;       2,020;  0,00;  0,00;  0,00;        10,10;1;1;      0,0000;   0,0000;       2,020
C7806932;POP LA COOP                           ;78160   ;MARLY LE ROI                          ;9999990001101;LEG104                   ;OIGNON JAUNE ESPAGNE, CAL 60/80, LE KG                                          ;01      ;1LEG    ;OIGNON  ;     1;      10,000;      10,000;       1,150;  0,00;  0,00;  0,00;        11,50;1;2;      0,0000;   0,0000;       1,150
C7806932;POP LA COOP                           ;78160   ;MARLY LE ROI                          ;9999999109263;LEG966                   ;P DE TERRE DE CONSOMMATION SAC (FERME), SAC 4 x2,5KG, LE KG                     ;01      ;1LEG    ;PDT     ;     4;      16,000;      16,000;       3,720;  0,00;  0,00;  0,00;        59,52;1;1;      0,0000;   0,0000;       3,720
C7806932;POP LA COOP                           ;78160   ;MARLY LE ROI                          ;9999999101090;LEG455                   ;P DE TERRE DE CONSOMMATION SAC (TENDRE), SAC 4x2,5KG                            ;01      ;1LEG    ;PDT     ;     1;       4,000;       4,000;       3,720;  0,00;  0,00;  0,00;        14,88;1;1;      0,0000;   0,0000;       3,720
C7806932;POP LA COOP                           ;78160   ;MARLY LE ROI                          ;9999990000841;LEG078                   ;PANAIS FRANCE, LE KG                                                            ;01      ;1LEG    ;PANAIS  ;     1;       5,000;       5,000;       2,120;  0,00;  0,00;  0,00;        10,60;1;1;      0,0000;   0,0000;       2,120
C7806932;POP LA COOP                           ;78160   ;MARLY LE ROI                          ;9999999110306;LEG345                   ;PATATE DOUCE FRANCE, CAL MOYEN/GROS, LE KG                                      ;01      ;1LEG    ;PDT     ;     2;      12,000;      12,000;       2,400;  0,00;  0,00;  0,00;        28,80;1;1;      0,0000;   0,0000;       2,400
C7806932;POP LA COOP                           ;78160   ;MARLY LE ROI                          ;9999990004478;LEG301                   ;RADIS ROUGE TYPE ROUGE DE CHINE FRANCE, LE KG                                   ;01      ;1LEG    ;RADIS   ;     1;       5,000;       5,000;       2,190;  0,00;  0,00;  0,00;        10,95;1;1;      0,0000;   0,0000;       2,190
C7806932;POP LA COOP                           ;78160   ;MARLY LE ROI                          ;9999999100628;LEG442                   ;TOPINAMBOUR FRANCE, LE KG                                                       ;01      ;1LEG    ;TOPINANB;     1;       5,000;       5,000;       1,860;  0,00;  0,00;  0,00;         9,30;1;1;      0,0000;   0,0000;       1,860
C7806932;POP LA COOP                           ;78160   ;MARLY LE ROI                          ;9999999104459;FRI624                   ;AVOCAT HASS *VRAC* ESPAGNE, CAL 30/32, 6 KG, LE KG                              ;01      ;2FRU    ;AVOCAT  ;     1;       6,000;       6,000;       4,020;  0,00;  0,00;  0,00;        24,12;1;2;      0,0000;   0,0000;       4,020
C7806932;POP LA COOP                           ;78160   ;MARLY LE ROI                          ;9999999102240;FRI511                   ;BANANE TOURNANT JAUNE COLO 4, LE KG                                             ;01      ;2FRU    ;BANANE  ;     1;      18,500;      18,500;       1,370;  0,00;  0,00;  0,00;        25,35;1;2;      0,0000;   0,0000;       1,370
C7806932;POP LA COOP                           ;78160   ;MARLY LE ROI                          ;9999999109300;FRI635                   ;CLEMENTINE TYPE NULES ESPAGNE, CAL 2/3/4, LE KG                                 ;01      ;2FRU    ;CLEMENTI;     4;      24,000;      24,000;       1,950;  0,00;  0,00;  0,00;        46,80;1;2;      0,0000;   0,0000;       1,950
C7806932;POP LA COOP                           ;78160   ;MARLY LE ROI                          ;9999999100543;FRI211                   ;KIWI HAYWARD *VRAC* FRANCE, CAL 25/27, LE KG                                    ;01      ;2FRU    ;KIWI    ;     1;      10,000;      10,000;       3,650;  0,00;  0,00;  0,00;        36,50;1;1;      0,0000;   0,0000;       3,650
C7806932;POP LA COOP                           ;78160   ;MARLY LE ROI                          ;9999990002047;FRI025                   ;ORANGE A JUS ESPAGNE, CAL 6/7/8, LE KG                                          ;01      ;2FRU    ;ORANGE  ;     1;      10,000;      10,000;       1,110;  0,00;  0,00;  0,00;        11,10;1;2;      0,0000;   0,0000;       1,110
C7806932;POP LA COOP                           ;78160   ;MARLY LE ROI                          ;9999999109966;FRI176                   ;ORANGE NAVEL WASHINGTON ITALIE, CAL 2/3/4, LE KG                                ;01      ;2FRU    ;ORANGE  ;     1;      10,000;      10,000;       1,480;  0,00;  0,00;  0,00;        14,80;1;2;      0,0000;   0,0000;       1,480
C7806932;POP LA COOP                           ;78160   ;MARLY LE ROI                          ;9999999107283;FRI944                   ;POIRE CONFERENCE *VRAC*, CAL 50/55+, LE KG                                      ;01      ;2FRU    ;POIRE   ;     2;      26,000;      26,000;       2,880;  0,00;  0,00;  0,00;        74,88;1;1;      0,0000;   0,0000;       2,880
C7806932;POP LA COOP                           ;78160   ;MARLY LE ROI                          ;9999990003226;FRI150                   ;POMELO ROUGE ESPAGNE, CAL 3/4/5, LE KG                                          ;01      ;2FRU    ;POMELOS ;     1;       8,000;       8,000;       1,790;  0,00;  0,00;  0,00;        14,32;1;2;      0,0000;   0,0000;       1,790
C7806932;POP LA COOP                           ;78160   ;MARLY LE ROI                          ;3177890001107;PAP002                   ;ROQUEFORT PART 100G                                                             ;05      ;FROAFBRE;PAPILL  ;     1;       6,000;       6,000;       2,930;  8,00;  0,00;  0,00;        16,20;1;0;      0,0000;   0,0000;       2,700
C7806932;POP LA COOP                           ;78160   ;MARLY LE ROI                          ;3252920035533;GAL040                   ;CREME FRAICHE EPAISSE POT 20CL                                                  ;05      ;BECREVAC;LEGALL  ;     1;       3,000;       3,000;       1,560;  8,00;  0,00;  0,00;         4,32;1;0;      0,0000;   0,0000;       1,440
C7806932;POP LA COOP                           ;78160   ;MARLY LE ROI                          ;3252920035564;GAL039                   ;CREME FRAICHE FLEURETTE 25CL                                                    ;05      ;BECREVAC;LEGALL  ;     1;       3,000;       3,000;       1,930;  8,00;  0,00;  0,00;         5,34;1;0;      0,0000;   0,0000;       1,780
C7806932;POP LA COOP                           ;78160   ;MARLY LE ROI                          ;3259010301400;SOY012                   ;CROQ TOFOU CEPES EN PERSILLADE 2X100G                                           ;05      ;PREVEG  ;SOY     ;     1;       5,000;       5,000;       2,700;  8,00;  0,00;  0,00;        12,40;1;0;      0,0000;   0,0000;       2,480
C7806932;POP LA COOP                           ;78160   ;MARLY LE ROI                          ;3259011105977;SOY053                   ;TOFOU SOYEUX 2X120G                                                             ;05      ;PREVT   ;SOY     ;     1;       4,000;       4,000;       1,730;  8,00;  0,00;  0,00;         6,36;1;0;      0,0000;   0,0000;       1,590
C7806932;POP LA COOP                           ;78160   ;MARLY LE ROI                          ;3259011169436;SOY242                   ;FALAFELS X15                                                                    ;05      ;PRECE   ;SOY     ;     1;       6,000;       6,000;       3,020;  8,00;  0,00;  0,00;        16,68;1;0;      0,0000;   0,0000;       2,780
C7806932;POP LA COOP                           ;78160   ;MARLY LE ROI                          ;3260890000932;LDP002                   ;TOURTEAU FROMAGER SACHET BIO 250G                                               ;05      ;DESSEVAC;MAISBAIL;     1;       4,000;       4,000;       3,470;  8,00;  0,00;  0,00;        12,76;1;0;      0,0000;   0,0000;       3,190
C7806932;POP LA COOP                           ;78160   ;MARLY LE ROI                          ;3273220140727;TRA072                   ;DESSERT BREBIS CHOCOLAT 125G                                                    ;05      ;DESSEBRE;LABERGER;     1;       8,000;       8,000;       0,980;  8,00;  0,00;  0,00;         7,20;1;0;      0,0000;   0,0000;       0,900
C7806932;POP LA COOP                           ;78160   ;MARLY LE ROI                          ;3273220141014;TRA107                   ;FROMAGE BLANC BREBIS 400G                                                       ;05      ;FROFRBRE;LABERGER;     1;       6,000;       6,000;       2,390;  8,00;  0,00;  0,00;        13,20;1;0;      0,0000;   0,0000;       2,200
C7806932;POP LA COOP                           ;78160   ;MARLY LE ROI                          ;3273220141076;TRA144                   ;YAOURT BREBIS BRASSE NATURE  400G                                               ;05      ;YAOURBRE;LABERGER;     1;       6,000;       6,000;       2,310;  8,00;  0,00;  0,00;        12,78;1;0;      0,0000;   0,0000;       2,130
C7806932;POP LA COOP                           ;78160   ;MARLY LE ROI                          ;3273220141168;TRA012                   ;FROMAGE BLANC DE CHEVRE 400G                                                    ;05      ;FROFRCHE;LACHEVRE;     1;       6,000;       6,000;       2,660;  8,00;  0,00;  0,00;        14,70;1;0;      0,0000;   0,0000;       2,450
C7806932;POP LA COOP                           ;78160   ;MARLY LE ROI                          ;3273220141175;TRA167                   ;YAOURT BRASSE CHEVRE NATURE 400G                                                ;05      ;YAOURCHE;LACHEVRE;     1;       6,000;       6,000;       2,490;  8,00;  0,00;  0,00;        13,74;1;0;      0,0000;   0,0000;       2,290
C7806932;POP LA COOP                           ;78160   ;MARLY LE ROI                          ;3273220141861;TRA168                   ;FROMAGE DE BREBIS AFFINE 140G                                                   ;05      ;FROAFBRE;LABERGER;     1;       4,000;       4,000;       3,170;  8,00;  0,00;  0,00;        11,68;1;0;      0,0000;   0,0000;       2,920
C7806932;POP LA COOP                           ;78160   ;MARLY LE ROI                          ;3273220141885;TRA029                   ;FROMAGE DE CHEVRE AFFINE 140G                                                   ;05      ;FROFRCHE;LACHEVRE;     1;       4,000;       4,000;       2,970;  8,00;  0,00;  0,00;        10,92;1;0;      0,0000;   0,0000;       2,730
C7806932;POP LA COOP                           ;78160   ;MARLY LE ROI                          ;3273220183328;TRA062                   ;SOJADE MYRTILLE 400G                                                            ;05      ;DESSOJAD;SOJADE  ;     1;       6,000;       6,000;       2,360;  8,00;  0,00;  0,00;        13,02;1;0;      0,0000;   0,0000;       2,170
C7806932;POP LA COOP                           ;78160   ;MARLY LE ROI                          ;3273227081023;TRA032                   ;SOJADE NATURE 400G                                                              ;05      ;DESSOJAD;SOJADE  ;     1;       6,000;       6,000;       1,360;  8,00;  0,00;  0,00;         7,50;1;0;      0,0000;   0,0000;       1,250
C7806932;POP LA COOP                           ;78160   ;MARLY LE ROI                          ;3335266002404;ROU010                   ;EMMENTHAL PORTION 240G LA PIECE                                                 ;05      ;FROAFVAC;ROUSSE  ;     1;       3,000;       3,000;       4,010;  8,00; 10,00;  0,00;         9,96;1;0;      0,0000;   0,0000;       3,320
C7806932;POP LA COOP                           ;78160   ;MARLY LE ROI                          ;3335266102005;ROU108                   ;EMMENTHAL RAPE 200G                                                             ;05      ;FROAFVAC;ROUSSE  ;     1;       3,000;       3,000;       3,310;  8,00;  0,00;  0,00;         9,15;1;0;      0,0000;   0,0000;       3,050
C7806932;POP LA COOP                           ;78160   ;MARLY LE ROI                          ;3438860001528;GAB016                   ;RIZ AU LAIT TRADITION 2X130G                                                    ;05      ;DESSEVAC;GABORI  ;     1;       3,000;       3,000;       1,640;  8,00;  0,00;  0,00;         4,53;1;0;      0,0000;   0,0000;       1,510
C7806932;POP LA COOP                           ;78160   ;MARLY LE ROI                          ;3440775720005;CHE004                   ;SAINTE MAURE BLANCHE 180G                                                       ;05      ;FROAFCHE;CHENE   ;     1;       4,000;       4,000;       4,630;  8,00;  0,00;  0,00;        17,04;1;0;      0,0000;   0,0000;       4,260
C7806932;POP LA COOP                           ;78160   ;MARLY LE ROI                          ;3440775770000;CHE002                   ;CROTTIN 2X60G                                                                   ;05      ;FROAFCHE;CHENE   ;     1;       6,000;       6,000;       3,990;  8,00;  0,00;  0,00;        22,02;1;0;      0,0000;   0,0000;       3,670
C7806932;POP LA COOP                           ;78160   ;MARLY LE ROI                          ;3472331122909;ESC014                   ;GALETTE EPINARDS/PIGNONS 2X90G                                                  ;05      ;PREESC  ;CEREAL  ;     1;       6,000;       6,000;       2,550;  8,00;  0,00;  0,00;        14,10;1;0;      0,0000;   0,0000;       2,350
C7806932;POP LA COOP                           ;78160   ;MARLY LE ROI                          ;3483460010258;TOF000                   ;TOFU NATURE 2X125G                                                              ;05      ;PREVT   ;TOFOUL  ;     1;       6,000;       6,000;       2,230;  8,00;  0,00;  0,00;        12,30;1;0;      0,0000;   0,0000;       2,050
C7806932;POP LA COOP                           ;78160   ;MARLY LE ROI                          ;3483460140207;TOF055                   ;TOFU FUME 2X100G                                                                ;05      ;PREVT   ;TOFOUL  ;     1;       6,000;       6,000;       2,990;  8,00;  0,00;  0,00;        16,50;1;0;      0,0000;   0,0000;       2,750
C7806932;POP LA COOP                           ;78160   ;MARLY LE ROI                          ;3513610140273;TRA024                   ;YAOURT BREBIS CHATAIGNE 2X125G                                                  ;05      ;YAOURBRE;LABERGER;     1;       6,000;       6,000;       2,020;  8,00;  0,00;  0,00;        11,16;1;0;      0,0000;   0,0000;       1,860
C7806932;POP LA COOP                           ;78160   ;MARLY LE ROI                          ;3531150222020;ARM023                   ;PATE FEUILLETEE PUR BEURRE prête à dérouler 250G                                ;05      ;PANPPRET;DELICE  ;     1;       6,000;       6,000;       2,170;  8,00;  0,00;  0,00;        12,00;1;0;      0,0000;   0,0000;       2,000
C7806932;POP LA COOP                           ;78160   ;MARLY LE ROI                          ;3531150222044;ARM024                   ;PATE BRISEE PUR BEURRE  prête à dérouler  250G                                  ;05      ;PANPPRET;DELICE  ;     1;       6,000;       6,000;       2,170;  8,00;  0,00;  0,00;        12,00;1;0;      0,0000;   0,0000;       2,000
C7806932;POP LA COOP                           ;78160   ;MARLY LE ROI                          ;3553070011713;BDL003                   ;L ENCALAT BREBIS 240G                                                           ;05      ;FROAFBRE;BERGERS ;     1;       4,000;       4,000;       5,790;  8,00;  0,00;  0,00;        21,32;1;0;      0,0000;   0,0000;       5,330
C7806932;POP LA COOP                           ;78160   ;MARLY LE ROI                          ;3562562200528;ARM034                   ;CREPES DE SARRASIN DIAM 290 360G                                                ;05      ;BISCREPE;DELICE  ;     1;       6,000;       6,000;       3,190;  8,00;  0,00;  0,00;        17,58;1;0;      0,0000;   0,0000;       2,930
C7806932;POP LA COOP                           ;78160   ;MARLY LE ROI                          ;3562562200511;ARM033                   ;CREPES DE FROMENT DIAM 290 360G                                                 ;05      ;BISCREPE;DELICE  ;     1;       6,000;       6,000;       3,240;  8,00; 10,00;  0,00;        16,08;1;0;      0,0000;   0,0000;       2,680
C7806932;POP LA COOP                           ;78160   ;MARLY LE ROI                          ;3576560500009;SOJ007                   ;SOJAMI A TARTINER AIL FINES HERBES 125G                                         ;05      ;PREVT   ;SOJAMI  ;     1;       6,000;       6,000;       2,180;  8,00;  0,00;  0,00;        12,06;1;0;      0,0000;   0,0000;       2,010
C7806932;POP LA COOP                           ;78160   ;MARLY LE ROI                          ;3770003351153;TBG002                   ;YAOURT BREBIS NATURE AU LAIT ENTIER 400G                                        ;05      ;YAOURBRE;TRADI   ;     1;       6,000;       6,000;       2,290;  8,00;  0,00;  0,00;        12,66;1;0;      0,0000;   0,0000;       2,110
C7806932;POP LA COOP                           ;78160   ;MARLY LE ROI                          ;4000915040098;BVD031                   ;PROSCUITTO CRUDO 80G (véritable jambon cru italien)                             ;05      ;VIACHARC;VERDE   ;     1;       6,000;       6,000;       5,500;  8,00;  0,00;  0,00;        30,36;1;0;      0,0000;   0,0000;       5,060
C7806932;POP LA COOP                           ;78160   ;MARLY LE ROI                          ;4000915102871;BVD033                   ;HOUMOUS TAHINI 150G aux pois chiches et au sésame                               ;05      ;TAR     ;VERDE   ;     1;       4,000;       4,000;       1,960;  8,00;  0,00;  0,00;         7,20;1;0;      0,0000;   0,0000;       1,800
C7806932;POP LA COOP                           ;78160   ;MARLY LE ROI                          ;4026913152854;OMA110                   ;MOZZARELLA DI BUFALA CAMPANA DOP 125G                                           ;05      ;FROAFVAC;OMA     ;     1;       3,000;       3,000;       2,350;  8,00;  0,00;  0,00;         6,48;1;0;      0,0000;   0,0000;       2,160
C7806932;POP LA COOP                           ;78160   ;MARLY LE ROI                          ;4026913162280;OMA007                   ;FETA GRECO 180G                                                                 ;05      ;FROAFBRE;OMA     ;     1;       3,000;       3,000;       2,680;  8,00;  0,00;  0,00;         7,41;1;0;      0,0000;   0,0000;       2,470
C7806932;POP LA COOP                           ;78160   ;MARLY LE ROI                          ;3035620423509;FOR051                   ;BOUILLON DE LEGUMES HERBAMARE CUBES 88G                                         ;03      ;SOUBCUBE;VOGEL   ;     1;      12,000;      12,000;       3,090;  8,00;  0,00;  0,00;        34,08;1;0;      0,0000;   0,0000;       2,840
C7806932;POP LA COOP                           ;78160   ;MARLY LE ROI                          ;3035626414044;FOR001                   ;HERBAMARE DIET SANS SODIUM 125G                                                 ;03      ;SEL     ;VOGEL   ;     1;      12,000;      12,000;       3,760;  8,00;  0,00;  0,00;        41,52;1;0;      0,0000;   0,0000;       3,460
C7806932;POP LA COOP                           ;78160   ;MARLY LE ROI                          ;3176800001268;NAT093                   ;POUDRE A LEVER POUR PATISSERIE 14G                                              ;03      ;CERLEVUR;NATALI  ;     1;      30,000;      30,000;       0,320;  8,00;  0,00;  0,00;         8,70;1;0;      0,0000;   0,0000;       0,290
C7806932;POP LA COOP                           ;78160   ;MARLY LE ROI                          ;3188720004007;BNA007                   ;SARDINES MSC AU NATUREL AU JUS DE CITRON SS ARETES 115G                         ;03      ;POICONPO;BONNAT  ;     1;      15,000;      15,000;       2,480;  8,00;  0,00;  0,00;        34,20;1;0;      0,0000;   0,0000;       2,280
C7806932;POP LA COOP                           ;78160   ;MARLY LE ROI                          ;3188720004076;BNA001                   ;SARDINES PAVILLON DE FRANCE HUILE OLIVE VIERGE EXTRA 115G                       ;03      ;POICONPO;BONNAT  ;     1;      15,000;      15,000;       2,250;  8,00;  0,00;  0,00;        31,05;1;0;      0,0000;   0,0000;       2,070
C7806932;POP LA COOP                           ;78160   ;MARLY LE ROI                          ;3188720004274;BNA005                   ;SARDINES PAVILLON DE FRANCE HUILE OLIVE CURCUMA POIVRE GINGE                    ;03      ;POICONPO;BONNAT  ;     1;      15,000;      15,000;       2,540;  8,00;  0,00;  0,00;        35,10;1;0;      0,0000;   0,0000;       2,340
C7806932;POP LA COOP                           ;78160   ;MARLY LE ROI                          ;3188720004281;BNA010                   ;MAQUEREAUX MSC MOUTARDE A L ANCIENNE 113G                                       ;03      ;POICONPO;BONNAT  ;     1;      12,000;      12,000;       1,880;  8,00;  0,00;  0,00;        20,76;1;0;      0,0000;   0,0000;       1,730
C7806932;POP LA COOP                           ;78160   ;MARLY LE ROI                          ;3188720004304;BNA008                   ;MAQUEREAUX MSC AU NATUREL 100G                                                  ;03      ;POICONPO;BONNAT  ;     1;      12,000;      12,000;       1,760;  8,00;  0,00;  0,00;        19,44;1;0;      0,0000;   0,0000;       1,620
C7806932;POP LA COOP                           ;78160   ;MARLY LE ROI                          ;3188720004328;BNA017                   ;FILET DE SAUMON AU NATUREL 125G                                                 ;03      ;POICONPO;BONNAT  ;     1;      12,000;      12,000;       4,370;  8,00;  0,00;  0,00;        48,24;1;0;      0,0000;   0,0000;       4,020
C7806932;POP LA COOP                           ;78160   ;MARLY LE ROI                          ;3188720004335;BNA015                   ;ANCHOIS HUILE OLIVE 115 G                                                       ;03      ;POICONPO;BONNAT  ;     1;      15,000;      15,000;       2,660;  8,00;  0,00;  0,00;        36,75;1;0;      0,0000;   0,0000;       2,450
C7806932;POP LA COOP                           ;78160   ;MARLY LE ROI                          ;3188720004526;BNA011                   ;MAQUEREAUX MSC MUSCADET AOC 118G                                                ;03      ;POICONPO;BONNAT  ;     1;      12,000;      12,000;       1,880;  8,00;  0,00;  0,00;        20,76;1;0;      0,0000;   0,0000;       1,730
C7806932;POP LA COOP                           ;78160   ;MARLY LE ROI                          ;3188720004588;BNA012                   ;THON BLANC GERMON MSC AU NATUREL 160G                                           ;03      ;POICONPO;BONNAT  ;     1;      10,000;      10,000;       3,070;  8,00;  0,00;  0,00;        28,20;1;0;      0,0000;   0,0000;       2,820
C7806932;POP LA COOP                           ;78160   ;MARLY LE ROI                          ;3253540027250;PRU001                   ;PRUNEAUX 33/44 500G SS CONSERVATEUR                                             ;03      ;3FRSEC  ;PRUNIDOR;     1;      10,000;      10,000;       3,350;  8,00;  0,00;  0,00;        30,80;1;0;      0,0000;   0,0000;       3,080
C7806932;POP LA COOP                           ;78160   ;MARLY LE ROI                          ;3258831001056;DEL009                   ;MOUTARDE ENTIERE 200G                                                           ;03      ;CONMOUTA;DELOUI  ;     1;       6,000;       6,000;       1,790;  8,00;  0,00;  0,00;         9,90;1;0;      0,0000;   0,0000;       1,650
C7806932;POP LA COOP                           ;78160   ;MARLY LE ROI                          ;3258831006211;DEL016                   ;MOUTARDE EXTRA FORTE LISSE 350G                                                 ;03      ;CONMOUTA;DELOUI  ;     1;       6,000;       6,000;       2,340;  8,00;  0,00;  0,00;        12,90;1;0;      0,0000;   0,0000;       2,150
C7806932;POP LA COOP                           ;78160   ;MARLY LE ROI                          ;3258831020408;DEL030                   ;MAYONNAISE QUALITE TRADITION 245G                                               ;03      ;CONMAYO ;DELOUI  ;     1;       6,000;       6,000;       2,360;  8,00;  0,00;  0,00;        13,02;1;0;      0,0000;   0,0000;       2,170
C7806932;POP LA COOP                           ;78160   ;MARLY LE ROI                          ;3267110001106;LAM001                   ;PUREE CRUE AMANDES COMPLETES 300G                                               ;03      ;DESPUFSC;PERLAM  ;     1;       6,000;       6,000;       6,950;  8,00;  0,00;  0,00;        38,34;1;0;      0,0000;   0,0000;       6,390
C7806932;POP LA COOP                           ;78160   ;MARLY LE ROI                          ;3267790000017;LES001                   ;SAF INSTANT LEVURE BOULANGERE SACHETS                                           ;03      ;CERLEVUR;LESAFF  ;     1;      14,000;      14,000;       1,420;  8,00;  0,00;  0,00;        18,34;1;0;      0,0000;   0,0000;       1,310
C7806932;POP LA COOP                           ;78160   ;MARLY LE ROI                          ;3273120010168;CEL012                   ;RIZ LONG 1/2 COMPLET KG                                                         ;03      ;CERRIZ  ;CELNAT  ;     1;      12,000;      12,000;       2,910;  8,00;  0,00;  0,00;        32,16;1;0;      0,0000;   0,0000;       2,680
C7806932;POP LA COOP                           ;78160   ;MARLY LE ROI                          ;3273120011622;CEL074                   ;FARINE DE SARRASIN KG                                                           ;03      ;FARINE  ;CELNAT  ;     1;       6,000;       6,000;       4,410;  8,00;  0,00;  0,00;        24,36;1;0;      0,0000;   0,0000;       4,060
C7806932;POP LA COOP                           ;78160   ;MARLY LE ROI                          ;3273120016979;CEL360                   ;COQUILLETTES BLANCHES 500G                                                      ;03      ;PATBL   ;CELNAT  ;     1;      12,000;      12,000;       1,220;  8,00;  0,00;  0,00;        13,44;1;0;      0,0000;   0,0000;       1,120
C7806932;POP LA COOP                           ;78160   ;MARLY LE ROI                          ;3273120017167;CEL187                   ;RIZ LONG THAI 1/2 COMPLET 3KG                                                   ;08      ;CERRIZ  ;CELNAT  ;     1;       1,000;       1,000;      11,490;  8,00;  0,00;  0,00;        10,57;1;0;      0,0000;   0,0000;      10,570
C7806932;POP LA COOP                           ;78160   ;MARLY LE ROI                          ;3273120017549;CEL215                   ;RIZ THAI BLANC 3KG                                                              ;08      ;CERRIZ  ;CELNAT  ;     1;       1,000;       1,000;      11,910;  8,00;  0,00;  0,00;        10,96;1;0;      0,0000;   0,0000;      10,960
C7806932;POP LA COOP                           ;78160   ;MARLY LE ROI                          ;3273120019567;CEL213                   ;RIZ BASMATI 1/2 COMPLET 3KG                                                     ;08      ;CERRIZ  ;CELNAT  ;     1;       1,000;       1,000;      12,750;  8,00;  0,00;  0,00;        11,73;1;0;      0,0000;   0,0000;      11,730
C7806932;POP LA COOP                           ;78160   ;MARLY LE ROI                          ;3273120019826;CEL476                   ;MUESLI SANS GLUTEN 375G                                                         ;03      ;PTJMUESG;CELNAT  ;     1;      10,000;      10,000;       3,120;  8,00;  0,00;  0,00;        28,70;1;0;      0,0000;   0,0000;       2,870
C7806932;POP LA COOP                           ;78160   ;MARLY LE ROI                          ;3273120020952;CEL657                   ;FARINE DE GRAND EPEAUTRE COMPLETE KG                                            ;03      ;FARINE  ;CELNAT  ;     1;       6,000;       6,000;       3,020;  8,00;  0,00;  0,00;        16,68;1;0;      0,0000;   0,0000;       2,780
C7806932;POP LA COOP                           ;78160   ;MARLY LE ROI                          ;3273120020969;CEL805                   ;FARINE DE PETIT EPEAUTRE COMPLETE 500G                                          ;03      ;FARINE  ;CELNAT  ;     1;       6,000;       6,000;       2,410;  8,00;  0,00;  0,00;        13,32;1;0;      0,0000;   0,0000;       2,220
C7806932;POP LA COOP                           ;78160   ;MARLY LE ROI                          ;3273120023045;CEL323                   ;RIZ BLANC POUR SUSHI 500G                                                       ;03      ;CERRIZ  ;CELNAT  ;     1;       6,000;       6,000;       2,240;  8,00;  0,00;  0,00;        12,36;1;0;      0,0000;   0,0000;       2,060
C7806932;POP LA COOP                           ;78160   ;MARLY LE ROI                          ;3273120023052;CEL326                   ;FARINE DE RIZ COMPLET KG                                                        ;03      ;FARINE  ;CELNAT  ;     1;       6,000;       6,000;       3,480;  8,00;  0,00;  0,00;        19,20;1;0;      0,0000;   0,0000;       3,200
C7806932;POP LA COOP                           ;78160   ;MARLY LE ROI                          ;3273120027098;CEL382                   ;RIZ THAI 1/2 COMPLET POIS CHICHES ET POIS CASSES 500G                           ;03      ;MELVEG  ;CELNAT  ;     1;       6,000;       6,000;       2,640;  8,00;  0,00;  0,00;        14,58;1;0;      0,0000;   0,0000;       2,430
C7806932;POP LA COOP                           ;78160   ;MARLY LE ROI                          ;3273120027104;CEL383                   ;EPEAUTRE LENTILLES CORAIL ET HARICOTS MUNGO 500G                                ;03      ;MELVEG  ;CELNAT  ;     1;       6,000;       6,000;       2,600;  8,00;  0,00;  0,00;        14,34;1;0;      0,0000;   0,0000;       2,390
C7806932;POP LA COOP                           ;78160   ;MARLY LE ROI                          ;3274490971202;MEN012                   ;SIROP D'AGAVE NEUTRE 50 CL                                                      ;03      ;BOISIRFR;MENEAU  ;     1;       6,000;       6,000;       5,690;  8,00;  0,00;  0,00;        31,38;1;0;      0,0000;   0,0000;       5,230
C7806932;POP LA COOP                           ;78160   ;MARLY LE ROI                          ;3278122092501;DEL019                   ;MAYONNAISE A L'HUILE DE COLZA 185G                                              ;03      ;CONMAYO ;DELOUI  ;     1;       6,000;       6,000;       2,640;  8,00;  0,00;  0,00;        14,58;1;0;      0,0000;   0,0000;       2,430
C7806932;POP LA COOP                           ;78160   ;MARLY LE ROI                          ;3298652000203;FAB021                   ;SAVON CUBE OLIVE 200G                                                           ;04      ;PDBCORPS;FABRE   ;     1;      24,000;      24,000;       1,810;  8,00;  0,00;  0,00;        40,08;2;0;      0,0000;   0,0000;       1,670
C7806932;POP LA COOP                           ;78160   ;MARLY LE ROI                          ;3301597000648;COT034                   ;PUREE POMMES 360G                                                               ;03      ;DESPUFSS;COTEAU  ;     1;       6,000;       6,000;       1,950;  8,00;  0,00;  0,00;        10,74;1;0;      0,0000;   0,0000;       1,790
C7806932;POP LA COOP                           ;78160   ;MARLY LE ROI                          ;3301597000679;COT030                   ;PUREE POMMES POIRES 360G                                                        ;03      ;DESPUFSS;COTEAU  ;     1;       6,000;       6,000;       2,270;  8,00;  0,00;  0,00;        12,54;1;0;      0,0000;   0,0000;       2,090
C7806932;POP LA COOP                           ;78160   ;MARLY LE ROI                          ;3301597000693;COT049                   ;PUREE POMMES ABRICOTS 360G                                                      ;03      ;DESPUFSS;COTEAU  ;     1;       6,000;       6,000;       2,380;  8,00;  0,00;  0,00;        13,14;1;0;      0,0000;   0,0000;       2,190
C7806932;POP LA COOP                           ;78160   ;MARLY LE ROI                          ;3301597000785;COT060                   ;PUREE POIRES WILLIAMS 360G                                                      ;03      ;DESPUFSS;COTEAU  ;     1;       6,000;       6,000;       2,820;  8,00;  0,00;  0,00;        15,54;1;0;      0,0000;   0,0000;       2,590
C7806932;POP LA COOP                           ;78160   ;MARLY LE ROI                          ;3326100000083;ARG163                   ;PIERRE D'ARGILE 300G                                                            ;06      ;PDBARGPR;ARGILE  ;     1;      12,000;      12,000;       5,500;  8,00;  0,00;  0,00;        60,72;2;0;      0,0000;   0,0000;       5,060
C7806932;POP LA COOP                           ;78160   ;MARLY LE ROI                          ;3329482321203;MKL025                   ;EPEAUTRE PETIT 500G                                                             ;03      ;CERGRAIN;MARKAL  ;     1;       6,000;       6,000;       2,150;  8,00;  0,00;  0,00;        11,88;1;0;      0,0000;   0,0000;       1,980
C7806932;POP LA COOP                           ;78160   ;MARLY LE ROI                          ;3329482541205;MKL030                   ;SARRASIN DECORTIQUE GRILLE KASHA 500G                                           ;03      ;CERGRAIN;MARKAL  ;     1;       6,000;       6,000;       2,410;  8,00;  0,00;  0,00;        13,32;1;0;      0,0000;   0,0000;       2,220
C7806932;POP LA COOP                           ;78160   ;MARLY LE ROI                          ;3329483101200;MKL077                   ;FLOCONS 5 CEREALES 500G                                                         ;03      ;PTJFLOCO;MARKAL  ;     1;       6,000;       6,000;       1,440; 40,00;  0,00;  0,00;         5,16;1;0;      0,0000;   0,0000;       0,860
C7806932;POP LA COOP                           ;78160   ;MARLY LE ROI                          ;3329483601205;MKL066                   ;FLOCONS D'AVOINE PETITS 500G                                                    ;03      ;PTJFLOCO;MARKAL  ;     1;       6,000;       6,000;       1,250;  8,00;  0,00;  0,00;         6,90;1;0;      0,0000;   0,0000;       1,150
C7806932;POP LA COOP                           ;78160   ;MARLY LE ROI                          ;3329483611204;MKL067                   ;FLOCONS D'AVOINE GROS 500G                                                      ;03      ;PTJFLOCO;MARKAL  ;     1;       6,000;       6,000;       1,250;  8,00;  0,00;  0,00;         6,90;1;0;      0,0000;   0,0000;       1,150
C7806932;POP LA COOP                           ;78160   ;MARLY LE ROI                          ;3329484111208;MKL125                   ;FLAGEOLETS 500G                                                                 ;03      ;CERLEGOL;MARKAL  ;     1;       6,000;       6,000;       3,310;  8,00;  0,00;  0,00;        18,30;1;0;      0,0000;   0,0000;       3,050
C7806932;POP LA COOP                           ;78160   ;MARLY LE ROI                          ;3329484311202;MKL130                   ;POIS CHICHES 500G                                                               ;03      ;CERLEGOL;MARKAL  ;     1;       6,000;       6,000;       1,800;  8,00;  0,00;  0,00;         9,96;1;0;      0,0000;   0,0000;       1,660
C7806932;POP LA COOP                           ;78160   ;MARLY LE ROI                          ;3329484411124;MKL258                   ;LENTILLES VERTES 1KG FRANCE                                                     ;03      ;CERLEGOL;MARKAL  ;     1;       6,000;       6,000;       4,410;  8,00;  0,00;  0,00;        24,36;1;0;      0,0000;   0,0000;       4,060
C7806932;POP LA COOP                           ;78160   ;MARLY LE ROI                          ;3329484441206;MKL127                   ;LENTILLES CORAIL 500G                                                           ;03      ;CERLEGOL;MARKAL  ;     1;       6,000;       6,000;       1,610;  8,00;  0,00;  0,00;         8,88;1;0;      0,0000;   0,0000;       1,480
C7806932;POP LA COOP                           ;78160   ;MARLY LE ROI                          ;3329484611203;MKL129                   ;POIS CASSES VERTS 500G                                                          ;03      ;CERLEGOL;MARKAL  ;     1;       6,000;       6,000;       1,820;  8,00;  0,00;  0,00;        10,02;1;0;      0,0000;   0,0000;       1,670
C7806932;POP LA COOP                           ;78160   ;MARLY LE ROI                          ;3329485111122;MKL084                   ;RIZ LONG COMPLET FRANCE 1KG                                                     ;03      ;CERRIZ  ;MARKAL  ;     1;       6,000;       6,000;       3,310;  8,00;  0,00;  0,00;        18,30;1;0;      0,0000;   0,0000;       3,050
C7806932;POP LA COOP                           ;78160   ;MARLY LE ROI                          ;3329485180012;MKL364                   ;RIZ LONG BLANC 1KG CAMARGUE                                                     ;03      ;CERRIZ  ;MARKAL  ;     1;       6,000;       6,000;       3,750;  8,00;  0,00;  0,00;        20,70;1;0;      0,0000;   0,0000;       3,450
C7806932;POP LA COOP                           ;78160   ;MARLY LE ROI                          ;3329485431121;MKL225                   ;RIZ BASMATI BLANC 1KG                                                           ;03      ;CERRIZ  ;MARKAL  ;     1;       6,000;       6,000;       4,410;  8,00;  0,00;  0,00;        24,36;1;0;      0,0000;   0,0000;       4,060
C7806932;POP LA COOP                           ;78160   ;MARLY LE ROI                          ;3329485481201;MKL092                   ;RIZ LONG BLANC SPECIAL RISOTTO 500G ITALIE                                      ;03      ;CERRIZ  ;MARKAL  ;     1;       6,000;       6,000;       2,330;  8,00;  0,00;  0,00;        12,84;1;0;      0,0000;   0,0000;       2,140
C7806932;POP LA COOP                           ;78160   ;MARLY LE ROI                          ;             ;MKL705                   ;COUSCOUS SARRASIN SANS GLUTEN 400G                                              ;03      ;CERSEMOU;MARKAL  ;     1;       6,000;       6,000;       3,090;  8,00;  0,00;  0,00;        17,04;1;0;      0,0000;   0,0000;       2,840
C7806932;POP LA COOP                           ;78160   ;MARLY LE ROI                          ;3329486241125;MKL047                   ;FARINE DE BLE T 80 1KG                                                          ;03      ;FARINE  ;MARKAL  ;     1;       6,000;       6,000;       1,800;  8,00;  0,00;  0,00;         9,96;1;0;      0,0000;   0,0000;       1,660
C7806932;POP LA COOP                           ;78160   ;MARLY LE ROI                          ;3329486281121;MKL181                   ;FARINE DE BLE T 150 1KG                                                         ;03      ;FARINE  ;MARKAL  ;     1;       6,000;       6,000;       1,760;  8,00;  0,00;  0,00;         9,72;1;0;      0,0000;   0,0000;       1,620
C7806932;POP LA COOP                           ;78160   ;MARLY LE ROI                          ;3329486371204;MKL045                   ;POLENTA INSTANTANEE 500G                                                        ;03      ;CERPOLEN;MARKAL  ;     1;       6,000;       6,000;       1,230;  8,00;  0,00;  0,00;         6,78;1;0;      0,0000;   0,0000;       1,130
C7806932;POP LA COOP                           ;78160   ;MARLY LE ROI                          ;3329486421206;MKL035                   ;COUSCOUS BLANC 500G                                                             ;03      ;CERSEMOU;MARKAL  ;     1;       6,000;       6,000;       1,420;  8,00;  0,00;  0,00;         7,86;1;0;      0,0000;   0,0000;       1,310
C7806932;POP LA COOP                           ;78160   ;MARLY LE ROI                          ;3329486485000;MKL264                   ;COUSCOUS 1/2 COMPLET 500G                                                       ;03      ;CERSEMOU;MARKAL  ;     1;       6,000;       6,000;       1,420;  8,00;  0,00;  0,00;         7,86;1;0;      0,0000;   0,0000;       1,310
C7806932;POP LA COOP                           ;78160   ;MARLY LE ROI                          ;3329486541201;MKL059                   ;FARINE DE CHATAIGNE 500G                                                        ;03      ;FARINE  ;MARKAL  ;     1;       6,000;       6,000;       6,110;  8,00;  0,00;  0,00;        33,72;1;0;      0,0000;   0,0000;       5,620
C7806932;POP LA COOP                           ;78160   ;MARLY LE ROI                          ;3329486661251;MKL135                   ;FLOCONS DE POMME DE TERRE SPECIAL PUREE 2X125G                                  ;03      ;PUR PDT ;MARKAL  ;     1;       7,000;       7,000;       2,140;  8,00; 10,00;  0,00;        12,39;1;0;      0,0000;   0,0000;       1,770
C7806932;POP LA COOP                           ;78160   ;MARLY LE ROI                          ;3329486671250;MKL134                   ;TAPIOCA 250G                                                                    ;03      ;CONAIDCU;MARKAL  ;     1;       6,000;       6,000;       1,940;  8,00;  0,00;  0,00;        10,68;1;0;      0,0000;   0,0000;       1,780
C7806932;POP LA COOP                           ;78160   ;MARLY LE ROI                          ;3329486701254;MKL133                   ;LEVURE MALTEE PAILLETTE 250G                                                    ;03      ;CERLEVUR;MARKAL  ;     1;       6,000;       6,000;       2,880;  8,00;  0,00;  0,00;        15,90;1;0;      0,0000;   0,0000;       2,650
C7806932;POP LA COOP                           ;78160   ;MARLY LE ROI                          ;3329487601126;MKL716                   ;SUCRE BLOND DE CANNE 1KG                                                        ;03      ;SUCFRAUT;MARKAL  ;     1;       6,000;       6,000;       2,680;  8,00;  0,00;  0,00;        14,82;1;0;      0,0000;   0,0000;       2,470
C7806932;POP LA COOP                           ;78160   ;MARLY LE ROI                          ;3329488211201;MKL239                   ;GRAINES DE COURGE 500G                                                          ;03      ;CERGRAIN;MARKAL  ;     1;       6,000;       6,000;       3,710;  8,00;  0,00;  0,00;        20,46;1;0;      0,0000;   0,0000;       3,410
C7806932;POP LA COOP                           ;78160   ;MARLY LE ROI                          ;3329488311208;MKL243                   ;GRAINES DE LIN DORE 500G                                                        ;03      ;CERGRAIN;MARKAL  ;     1;       6,000;       6,000;       1,950;  8,00;  0,00;  0,00;        10,74;1;0;      0,0000;   0,0000;       1,790
C7806932;POP LA COOP                           ;78160   ;MARLY LE ROI                          ;3329488511202;MKL117                   ;SESAME BLOND COMPLET 500G                                                       ;03      ;CERGRAIN;MARKAL  ;     1;       6,000;       6,000;       2,560;  8,00;  0,00;  0,00;        14,16;1;0;      0,0000;   0,0000;       2,360
C7806932;POP LA COOP                           ;78160   ;MARLY LE ROI                          ;3329488661204;MKL295                   ;DUO DE QUINOAS ROUGE ET BLANCHE 500G                                            ;03      ;CERGRAIN;MARKAL  ;     1;       6,000;       6,000;       3,160;  8,00;  0,00;  0,00;        17,46;1;0;      0,0000;   0,0000;       2,910
C7806932;POP LA COOP                           ;78160   ;MARLY LE ROI                          ;3329488732508;MKL710                   ;GRAINES DE CHIA 250G                                                            ;03      ;CERGRAIN;MARKAL  ;     1;       6,000;       6,000;       1,760;  8,00;  0,00;  0,00;         9,72;1;0;      0,0000;   0,0000;       1,620
C7806932;POP LA COOP                           ;78160   ;MARLY LE ROI                          ;3329488911200;MKL325                   ;SAVEUR DU BOULANGER MILLET 250G                                                 ;03      ;CERGRAIN;MARKAL  ;     1;       6,000;       6,000;       1,260;  8,00;  0,00;  0,00;         6,96;1;0;      0,0000;   0,0000;       1,160
C7806932;POP LA COOP                           ;78160   ;MARLY LE ROI                          ;3329489201157;MKL420                   ;COQUILLETTES COMPLETES 500G                                                     ;03      ;PATCO   ;MARKAL  ;     1;      12,000;      12,000;       1,050;  8,00;  0,00;  0,00;        11,64;1;0;      0,0000;   0,0000;       0,970
C7806932;POP LA COOP                           ;78160   ;MARLY LE ROI                          ;3329489212153;MKL423                   ;SPAGHETTI COMPLETS 500G                                                         ;03      ;PATCO   ;MARKAL  ;     1;      12,000;      12,000;       1,050;  8,00;  0,00;  0,00;        11,64;1;0;      0,0000;   0,0000;       0,970
C7806932;POP LA COOP                           ;78160   ;MARLY LE ROI                          ;3329489313157;MKL418                   ;VERMICELLES 1/2 COMPLETS 500G                                                   ;03      ;PATDE   ;MARKAL  ;     1;      12,000;      12,000;       1,050;  8,00;  0,00;  0,00;        11,64;1;0;      0,0000;   0,0000;       0,970
C7806932;POP LA COOP                           ;78160   ;MARLY LE ROI                          ;3335880000503;PRO024                   ;CONF ABRICOT GM 750G                                                            ;03      ;DESCONFT;PROSAI  ;     1;       6,000;       6,000;       4,520;  8,00;  0,00;  0,00;        24,96;1;0;      0,0000;   0,0000;       4,160
C7806932;POP LA COOP                           ;78160   ;MARLY LE ROI                          ;3335880001241;PRO027                   ;MARMELADE ORANGES AMERES  GM 750G                                               ;03      ;DESCONFT;PROSAI  ;     1;       6,000;       6,000;       4,140;  8,00;  0,00;  0,00;        22,86;1;0;      0,0000;   0,0000;       3,810
C7806932;POP LA COOP                           ;78160   ;MARLY LE ROI                          ;3335880003962;PRO276                   ;SAUCE TOMATE BASILIC SANS SEL AJOUTE 200G                                       ;03      ;PRESAUTO;PROSAI  ;     1;       6,000;       6,000;       1,340;  8,00;  0,00;  0,00;         7,38;1;0;      0,0000;   0,0000;       1,230
C7806932;POP LA COOP                           ;78160   ;MARLY LE ROI                          ;3335880005690;PRO279                   ;SAUCE TOMATE AUBERGINES GRILLEES & PARMESAN 200G                                ;03      ;PRESAUTO;PROSAI  ;     1;       6,000;       6,000;       1,640;  8,00;  0,00;  0,00;         9,06;1;0;      0,0000;   0,0000;       1,510
C7806932;POP LA COOP                           ;78160   ;MARLY LE ROI                          ;3335880005706;PRO113                   ;SAUCE TOMATE AU BASILIC 370G GM!!!!!!!!!!!!!!!!!!!!                             ;03      ;PRESAUTO;PROSAI  ;     1;       6,000;       6,000;       2,430;  8,00;  0,00;  0,00;        13,44;1;0;      0,0000;   0,0000;       2,240
C7806932;POP LA COOP                           ;78160   ;MARLY LE ROI                          ;3335880005836;PRO123                   ;SAUCE TOMATE PARMESAN RICOTTA 200G                                              ;03      ;PRESAUTO;PROSAI  ;     1;       6,000;       6,000;       2,080;  8,00;  0,00;  0,00;        11,46;1;0;      0,0000;   0,0000;       1,910
C7806932;POP LA COOP                           ;78160   ;MARLY LE ROI                          ;3335880007205;PRO256                   ;SAUCE POMODORO 295G (tomate Coeur de Boeuf, petits légumes)                     ;03      ;PRESAUTO;PROSAI  ;     1;       6,000;       6,000;       2,070;  8,00;  0,00;  0,00;        11,40;1;0;      0,0000;   0,0000;       1,900
C7806932;POP LA COOP                           ;78160   ;MARLY LE ROI                          ;3335880007809;PRO119                   ;JUS DE MYRTILLES SAUVAGE 50 CL                                                  ;03      ;BOIJUSFR;PROSAI  ;     1;       6,000;       6,000;       5,150;  8,00;  0,00;  0,00;        28,44;1;0;      0,0000;   0,0000;       4,740
C7806932;POP LA COOP                           ;78160   ;MARLY LE ROI                          ;3335880009605;PRO209                   ;COULIS DE TOMATE 100% FRANCE 410G                                               ;03      ;PRESAUTO;PROSAI  ;     1;       6,000;       6,000;       1,150;  8,00;  0,00;  0,00;         6,36;1;0;      0,0000;   0,0000;       1,060
C7806932;POP LA COOP                           ;78160   ;MARLY LE ROI                          ;3347430848541;MOI019                   ;BIERE SANS GLUTEN 33CL                                                          ;03      ;BALBIERE;MOULIN  ;     1;      12,000;      12,000;       1,850;  8,00;  0,00;  0,00;        20,40;2;0;      0,0000;   0,0000;       1,700
C7806932;POP LA COOP                           ;78160   ;MARLY LE ROI                          ;3390390001846;RVE088                   ;GOMASIO 300G                                                                    ;03      ;CONDIM  ;HERVE   ;     1;       6,000;       6,000;       3,940;  8,00;  0,00;  0,00;        21,72;1;0;      0,0000;   0,0000;       3,620
C7806932;POP LA COOP                           ;78160   ;MARLY LE ROI                          ;3399581009319;PPC003                   ;PAPIER TOILETTE BLANC RECYCLE VRAC 600 FEUILLES - 130mm                         ;08      ;HYGADU  ;PAPECO  ;     1;      36,000;      36,000;       0,470;  8,00;  0,00;  0,00;        15,48;2;0;      0,0000;   0,0000;       0,430
C7806932;POP LA COOP                           ;78160   ;MARLY LE ROI                          ;3413880061073;ADM005                   ;SUCRE MASCOBADO BIO 1KG                                                         ;03      ;SUCRE   ;ARTISANS;     1;      10,000;      10,000;       5,060;  8,00;  0,00;  0,00;        46,60;1;0;      0,0000;   0,0000;       4,660
C7806932;POP LA COOP                           ;78160   ;MARLY LE ROI                          ;3419390400302;BFL021                   ;PAIN DE MIE TRANCHE 350G                                                        ;03      ;PANPDMIE;BIOFOU  ;     1;       6,000;       6,000;       2,950;  8,00;  0,00;  0,00;        16,26;1;0;      0,0000;   0,0000;       2,710
C7806932;POP LA COOP                           ;78160   ;MARLY LE ROI                          ;3419390403327;BFL011                   ;PAIN DE MIE COMPLET TRANCHE 350G                                                ;03      ;PANPDMIE;BIOFOU  ;     1;       6,000;       6,000;       3,140;  8,00;  0,00;  0,00;        17,34;1;0;      0,0000;   0,0000;       2,890
C7806932;POP LA COOP                           ;78160   ;MARLY LE ROI                          ;3419390405352;BFL020                   ;BRIOCHE A L'EPEAUTRE 300G                                                       ;03      ;PANPDMIE;BIOFOU  ;     1;       6,000;       6,000;       3,790;  8,00;  0,00;  0,00;        20,94;1;0;      0,0000;   0,0000;       3,490
C7806932;POP LA COOP                           ;78160   ;MARLY LE ROI                          ;3419390405376;BFL035                   ;BRIOCHE AU FROMENT 300G                                                         ;03      ;PANPDMIE;BIOFOU  ;     1;       6,000;       6,000;       3,650;  8,00;  0,00;  0,00;        20,16;1;0;      0,0000;   0,0000;       3,360
C7806932;POP LA COOP                           ;78160   ;MARLY LE ROI                          ;3419390407875;BFL027                   ;PAIN DE MIE CEREALES TRANCHE 350G                                               ;03      ;PANPDMIE;BIOFOU  ;     1;       6,000;       6,000;       3,260;  8,00;  0,00;  0,00;        18,00;1;0;      0,0000;   0,0000;       3,000
C7806932;POP LA COOP                           ;78160   ;MARLY LE ROI                          ;3421557903014;GRI201                   ;GALETTES PUR BEURRE 160G                                                        ;03      ;BISCUSEC;GRILLO  ;     1;      12,000;      12,000;       2,040;  8,00;  0,00;  0,00;        22,56;1;0;      0,0000;   0,0000;       1,880
C7806932;POP LA COOP                           ;78160   ;MARLY LE ROI                          ;3431590000144;DAN051                   ;CONCENTRE DE TOMATES 28% 100G                                                   ;03      ;PRESAUTO;DANIVA  ;     1;       6,000;       6,000;       1,300;  8,00;  0,00;  0,00;         7,20;1;0;      0,0000;   0,0000;       1,200
C7806932;POP LA COOP                           ;78160   ;MARLY LE ROI                          ;3431590011942;DAN170                   ;SOUPE GASPACHO 50CL.                                                            ;03      ;SOUPE   ;DANIVA  ;     1;       6,000;       6,000;       2,290;  8,00;  0,00;  0,00;        12,66;1;0;      0,0000;   0,0000;       2,110
C7806932;POP LA COOP                           ;78160   ;MARLY LE ROI                          ;3452011410106;VIG023                   ;HUILE QUATTUOR MELANGE VIERGE 1 LITRE                                           ;03      ;HUILES  ;VIGEAN  ;     1;       6,000;       6,000;      11,720;  8,00;  0,00;  0,00;        64,68;1;0;      0,0000;   0,0000;      10,780
C7806932;POP LA COOP                           ;78160   ;MARLY LE ROI                          ;3452200004000;CDP013                   ;CONFITURE ORANGE 370G                                                           ;03      ;DESCONFT;CONFITP ;     1;       6,000;       6,000;       2,660;  8,00;  0,00;  0,00;        14,70;1;0;      0,0000;   0,0000;       2,450
C7806932;POP LA COOP                           ;78160   ;MARLY LE ROI                          ;3452200004024;CDP018                   ;CONFITURE FRAISE 650G                                                           ;03      ;DESCONFT;CONFITP ;     1;       6,000;       6,000;       4,480;  8,00;  0,00;  0,00;        24,72;1;0;      0,0000;   0,0000;       4,120
C7806932;POP LA COOP                           ;78160   ;MARLY LE ROI                          ;3452200004185;CDP032                   ;CONFITURE EXTRA FRAISE 370G + 20% OFFERT                                        ;03      ;DESCONFT;CONFITP ;     1;       6,000;       6,000;       3,050;  8,00; 10,00;  0,00;        15,18;1;0;      0,0000;   0,0000;       2,530
C7806932;POP LA COOP                           ;78160   ;MARLY LE ROI                          ;3452200004123;CDP010                   ;CONFITURE MIRABELLE DE LORRAINE 370G                                            ;03      ;DESCONFT;CONFITP ;     1;       6,000;       6,000;       3,050;  8,00;  0,00;  0,00;        16,86;1;0;      0,0000;   0,0000;       2,810
C7806932;POP LA COOP                           ;78160   ;MARLY LE ROI                          ;3452200004321;CDP002                   ;CONFITURE CASSIS 370G                                                           ;03      ;DESCONFT;CONFITP ;     1;       6,000;       6,000;       3,020;  8,00;  0,00;  0,00;        16,68;1;0;      0,0000;   0,0000;       2,780
C7806932;POP LA COOP                           ;78160   ;MARLY LE ROI                          ;3456300006933;MMB028                   ;CONFITURE EXTRA MYRTILLE 320G                                                   ;03      ;DESCONFT;MMB     ;     1;       6,000;       6,000;       3,190;  8,00;  0,00;  0,00;        17,58;1;0;      0,0000;   0,0000;       2,930
C7806932;POP LA COOP                           ;78160   ;MARLY LE ROI                          ;3493831060324;LRC011                   ;KETCHUP 340G                                                                    ;03      ;PRESAUTO;RESERV  ;     1;       6,000;       6,000;       2,550;  8,00;  0,00;  0,00;        14,10;1;0;      0,0000;   0,0000;       2,350
C7806932;POP LA COOP                           ;78160   ;MARLY LE ROI                          ;3556355012931;MEL008                   ;FARINE MEULE T110 2.5KG FRANCE                                                  ;08      ;FARINE  ;MELBIO  ;     1;       6,000;       6,000;       3,770;  8,00;  0,00;  0,00;        20,82;1;0;      0,0000;   0,0000;       3,470
C7806932;POP LA COOP                           ;78160   ;MARLY LE ROI                          ;3556355013334;MEL011                   ;FARINE MEULE T150 2.5KG FRANCE                                                  ;08      ;FARINE  ;MELBIO  ;     1;       6,000;       6,000;       3,740;  8,00;  0,00;  0,00;        20,64;1;0;      0,0000;   0,0000;       3,440
C7806932;POP LA COOP                           ;78160   ;MARLY LE ROI                          ;3556355014515;MEL059                   ;FARINE DE GRAND EPEAUTRE T110 1KG                                               ;03      ;FARINE  ;MELBIO  ;     1;      10,000;      10,000;       2,690;  8,00;  0,00;  0,00;        24,70;1;0;      0,0000;   0,0000;       2,470
C7806932;POP LA COOP                           ;78160   ;MARLY LE ROI                          ;3700477609481;MMB007                   ;PUREE POMMES FRANCE POIRE WILLIAM'S SANS SUCRES AJOUTES 680G                    ;03      ;DESPUFSS;MMB     ;     1;       6,000;       6,000;       3,190;  8,00;  0,00;  0,00;        17,58;1;0;      0,0000;   0,0000;       2,930
C7806932;POP LA COOP                           ;78160   ;MARLY LE ROI                          ;3700477609504;MMB022                   ;PATE A TARTINER NOISETTES ET CACAO AU BEURRE DE CACAO 750G                      ;03      ;PTJPTTAR;MMB     ;     1;       6,000;       6,000;       6,890;  8,00;  0,00;  0,00;        38,04;1;0;      0,0000;   0,0000;       6,340
C7806932;POP LA COOP                           ;78160   ;MARLY LE ROI                          ;3700477609610;MMB001                   ;PUREE POMMES FRANCE SANS SUCRES AJOUTES 680G                                    ;03      ;DESPUFSS;MMB     ;     1;       6,000;       6,000;       2,690;  8,00;  0,00;  0,00;        14,82;1;0;      0,0000;   0,0000;       2,470
C7806932;POP LA COOP                           ;78160   ;MARLY LE ROI                          ;3700679606035;VBI004                   ;BRIOCHE TRANCHEE 400G                                                           ;03      ;PANPDMIE;BIEN    ;     1;       7,000;       7,000;       3,080;  8,00;  0,00;  0,00;        19,81;1;0;      0,0000;   0,0000;       2,830
C7806932;POP LA COOP                           ;78160   ;MARLY LE ROI                          ;3760004430209;TTP002                   ;FUSILLI MAIS RIZ SANS GLUTEN 500G                                               ;03      ;PATSG   ;TUTTI   ;     1;       6,000;       6,000;       3,300;  8,00;  0,00;  0,00;        18,24;1;0;      0,0000;   0,0000;       3,040
C7806932;POP LA COOP                           ;78160   ;MARLY LE ROI                          ;3760030726116;MAN021                   ;AMANDE CUISINE 25CL                                                             ;03      ;CONCREVG;MANDOR  ;     1;      24,000;      24,000;       1,660;  8,00; 15,00;  0,00;        31,20;1;0;      0,0000;   0,0000;       1,300
C7806932;POP LA COOP                           ;78160   ;MARLY LE ROI                          ;3760031830324;ATS003                   ;BISCUITS NOIX DE COCO SANS GLUTEN 130G                                          ;03      ;BISCUSEC;ATSARRAS;     1;       8,000;       8,000;       2,200;  8,00;  0,00;  0,00;        16,16;1;0;      0,0000;   0,0000;       2,020
C7806932;POP LA COOP                           ;78160   ;MARLY LE ROI                          ;3760031830331;ATS001                   ;BISCUITS CITRON SANS GLUTEN 130G                                                ;03      ;BISCUSEC;ATSARRAS;     1;       8,000;       8,000;       2,200;  8,00;  0,00;  0,00;        16,16;1;0;      0,0000;   0,0000;       2,020
C7806932;POP LA COOP                           ;78160   ;MARLY LE ROI                          ;3760031830560;ATS012                   ;MINI CRACKERS SARRASIN EMMENTAL 60G                                             ;03      ;BISCUSEC;ATSARRAS;     1;      12,000;      12,000;       1,860;  8,00;  0,00;  0,00;        20,52;1;0;      0,0000;   0,0000;       1,710
C7806932;POP LA COOP                           ;78160   ;MARLY LE ROI                          ;3760206560018;BAS002                   ;FLEUR DE SEL 250G                                                               ;03      ;SEL     ;LABOIT  ;     1;      12,000;      12,000;       4,220;  8,00;  0,00;  0,00;        46,56;1;0;      0,0000;   0,0000;       3,880
C7806932;POP LA COOP                           ;78160   ;MARLY LE ROI                          ;3760294960004;ELI009                   ;COQUILLETTES BLANCHES 500G ELIBIO                                               ;03      ;PATBL   ;ELIBIO  ;     1;      12,000;      12,000;       0,660;  0,00;  0,00;  0,00;         7,92;1;0;      0,0000;   0,0000;       0,660
C7806932;POP LA COOP                           ;78160   ;MARLY LE ROI                          ;3760294960011;ELI007                   ;PENNES BLANCHES 500G ELIBIO                                                     ;03      ;PATBL   ;ELIBIO  ;     1;      12,000;      12,000;       0,660;  0,00;  0,00;  0,00;         7,92;1;0;      0,0000;   0,0000;       0,660
C7806932;POP LA COOP                           ;78160   ;MARLY LE ROI                          ;3760294960028;ELI011                   ;PENNES DEMI COMPLETES 500G ELIBIO                                               ;03      ;PATDE   ;ELIBIO  ;     1;      12,000;      12,000;       0,660;  0,00;  0,00;  0,00;         7,92;1;0;      0,0000;   0,0000;       0,660
C7806932;POP LA COOP                           ;78160   ;MARLY LE ROI                          ;3760294960035;ELI006                   ;SPAGHETTIS BLANCS 500G ELIBIO                                                   ;03      ;PATBL   ;ELIBIO  ;     1;      12,000;      12,000;       0,620;  0,00;  0,00;  0,00;         7,44;1;0;      0,0000;   0,0000;       0,620
C7806932;POP LA COOP                           ;78160   ;MARLY LE ROI                          ;3760294960042;ELI010                   ;SPAGHETTIS DEMI COMPLETS 500G ELIBIO                                            ;03      ;PATDE   ;ELIBIO  ;     1;      12,000;      12,000;       0,620;  0,00;  0,00;  0,00;         7,44;1;0;      0,0000;   0,0000;       0,620
C7806932;POP LA COOP                           ;78160   ;MARLY LE ROI                          ;3760294960059;ELI008                   ;TORSADES BLANCHES 500G ELIBIO                                                   ;03      ;PATBL   ;ELIBIO  ;     1;      12,000;      12,000;       0,660;  0,00;  0,00;  0,00;         7,92;1;0;      0,0000;   0,0000;       0,660
C7806932;POP LA COOP                           ;78160   ;MARLY LE ROI                          ;3760294960066;ELI012                   ;TORSADES DEMI COMPLETES 500G ELIBIO                                             ;03      ;PATDE   ;ELIBIO  ;     1;      12,000;      12,000;       0,660;  0,00;  0,00;  0,00;         7,92;1;0;      0,0000;   0,0000;       0,660
C7806932;POP LA COOP                           ;78160   ;MARLY LE ROI                          ;3760294960271;ELI028                   ;COOKIES CHOCOLAT ET QUINOA 175G ELIBIO                                          ;03      ;BISCUSEC;ELIBIO  ;     1;      14,000;      14,000;       1,260;  0,00;  0,00;  0,00;        17,64;1;0;      0,0000;   0,0000;       1,260
C7806932;POP LA COOP                           ;78160   ;MARLY LE ROI                          ;3760294960288;ELI027                   ;COOKIES TOUT CHOCOLAT BEURRE COLZA 175G ELIBIO                                  ;03      ;BISCUSEC;ELIBIO  ;     1;      14,000;      14,000;       1,230;  0,00;  0,00;  0,00;        17,22;1;0;      0,0000;   0,0000;       1,230
C7806932;POP LA COOP                           ;78160   ;MARLY LE ROI                          ;3760294960295;ELI032                   ;PETIT BEURRE 3X5 150G ELIBIO                                                    ;03      ;BISCUSEC;ELIBIO  ;     1;      12,000;      12,000;       0,850;  0,00;  0,00;  0,00;        10,20;1;0;      0,0000;   0,0000;       0,850
C7806932;POP LA COOP                           ;78160   ;MARLY LE ROI                          ;3760294960400;ELI029                   ;GALETTES SABLEES 4X5 125G ELIBIO                                                ;03      ;BISCUSEC;ELIBIO  ;     1;      12,000;      12,000;       0,860;  0,00;  0,00;  0,00;        10,32;1;0;      0,0000;   0,0000;       0,860
C7806932;POP LA COOP                           ;78160   ;MARLY LE ROI                          ;3770000198003;URS001                   ;HUILE DE COLZA LITRE                                                            ;03      ;HUILES  ;URS     ;     1;       6,000;       6,000;       6,110;  8,00;  0,00;  0,00;        33,72;1;0;      0,0000;   0,0000;       5,620
C7806932;POP LA COOP                           ;78160   ;MARLY LE ROI                          ;5411788003377;LIM130                   ;SOYA DRINK NATURAL LITRE                                                        ;03      ;BVGSOJA ;LIMA    ;     1;      12,000;      12,000;       1,220;  8,00;  0,00;  0,00;        13,44;1;0;      0,0000;   0,0000;       1,120
C7806932;POP LA COOP                           ;78160   ;MARLY LE ROI                          ;5411788037792;LIM283                   ;TAHIN BIO 500G                                                                  ;03      ;DESPUFSC;LIMA    ;     1;       6,000;       6,000;       4,060;  8,00;  0,00;  0,00;        22,44;1;0;      0,0000;   0,0000;       3,740
C7806932;POP LA COOP                           ;78160   ;MARLY LE ROI                          ;5411788039420;LIM036                   ;YANNOH INSTANT ECO RECHARGE   250G                                              ;03      ;BCTBOCHA;LIMA    ;     1;      10,000;      10,000;       6,090;  8,00;  0,00;  0,00;        56,00;1;0;      0,0000;   0,0000;       5,600
C7806932;POP LA COOP                           ;78160   ;MARLY LE ROI                          ;5411788045568;LIM092                   ;RICE DRINK CALCIUM LITRE - 20 %                                                 ;03      ;BVGRIZ  ;LIMA    ;     1;      12,000;      12,000;       1,290;  8,00;  0,00;  0,00;        14,28;1;0;      0,0000;   0,0000;       1,190
C7806932;POP LA COOP                           ;78160   ;MARLY LE ROI                          ;5411788046091;LIM238                   ;SOBA 100% 250G                                                                  ;03      ;PATJA   ;LIMA    ;     1;       6,000;       6,000;       4,640;  8,00;  0,00;  0,00;        25,62;1;0;      0,0000;   0,0000;       4,270
C7806932;POP LA COOP                           ;78160   ;MARLY LE ROI                          ;5411788046237;LIM315                   ;SHOYU 28% LESS SALT 500ML                                                       ;03      ;CONSOJA ;LIMA    ;     1;       6,000;       6,000;       4,780;  8,00;  0,00;  0,00;        26,40;1;0;      0,0000;   0,0000;       4,400
C7806932;POP LA COOP                           ;78160   ;MARLY LE ROI                          ;5411788046435;LIM186                   ;SAUCE TERIYAKI (sauce soja douce) 250ML                                         ;03      ;PRESAUCE;LIMA    ;     1;       6,000;       6,000;       2,900;  8,00;  0,00;  0,00;        16,02;1;0;      0,0000;   0,0000;       2,670
C7806932;POP LA COOP                           ;78160   ;MARLY LE ROI                          ;5411788046992;LIM330                   ;SOYA / SOJA CUISINE 200ML                                                       ;03      ;CONCREVG;LIMA    ;     1;      15,000;      15,000;       0,680;  8,00;  0,00;  0,00;         9,45;1;0;      0,0000;   0,0000;       0,630
C7806932;POP LA COOP                           ;78160   ;MARLY LE ROI                          ;5411788047005;LIM331                   ;RICE / RIZ CUISINE 200ML                                                        ;03      ;CONCREVG;LIMA    ;     1;      15,000;      15,000;       0,740;  8,00;  0,00;  0,00;        10,20;1;0;      0,0000;   0,0000;       0,680
C7806932;POP LA COOP                           ;78160   ;MARLY LE ROI                          ;5411788048323;LIM697                   ;AMANDES DRINK sans sucre ajouté 1 LITRE                                         ;03      ;BVGAVOIN;LIMA    ;     1;       6,000;       6,000;       1,790;  8,00;  0,00;  0,00;         9,90;1;0;      0,0000;   0,0000;       1,650
C7806932;POP LA COOP                           ;78160   ;MARLY LE ROI                          ;5411788048330;LIM696                   ;OAT DRINK AMANDES 1 LITRE                                                       ;03      ;BVGAVOIN;LIMA    ;     1;       6,000;       6,000;       1,890;  8,00;  0,00;  0,00;        10,44;1;0;      0,0000;   0,0000;       1,740
C7806932;POP LA COOP                           ;78160   ;MARLY LE ROI                          ;8001505000078;NOC003                   ;NOCCIOLATA SANS LAIT, SANS PALME, SANS GLUTEN 350G                              ;03      ;PTJPTTAR;NOCC    ;     1;       6,000;       6,000;       3,620;  8,00;  0,00;  0,00;        19,98;1;0;      0,0000;   0,0000;       3,330
C7806932;POP LA COOP                           ;78160   ;MARLY LE ROI                          ;8001505003529;NOC001                   ;NOCCIOLATA Pâte à tartiner 350G sans huile de palme                             ;03      ;PTJPTTAR;NOCC    ;     1;       6,000;       6,000;       3,960;  8,00;  0,00;  0,00;        21,84;1;0;      0,0000;   0,0000;       3,640
C7806932;POP LA COOP                           ;78160   ;MARLY LE ROI                          ;8001505005707;NOC002                   ;NOCCIOLATA Pâte à tartiner 700G sans huile de palme                             ;03      ;PTJPTTAR;NOCC    ;     1;       6,000;       6,000;       7,410;  8,00;  0,00;  0,00;        40,92;1;0;      0,0000;   0,0000;       6,820
C7806932;POP LA COOP                           ;78160   ;MARLY LE ROI                          ;8032625480259;TRP001                   ;BOISSON DE RIZ NATURE LITRE                                                     ;03      ;BVGRIZ  ;TERR    ;     1;      10,000;      10,000;       1,140;  8,00;  0,00;  0,00;        10,50;1;0;      0,0000;   0,0000;       1,050
C7806932;POP LA COOP                           ;78160   ;MARLY LE ROI                          ;8032625480327;TRP005                   ;BOISSON D' AVOINE NATURE LITRE                                                  ;03      ;BVGAVOIN;TERR    ;     1;      10,000;      10,000;       1,310;  8,00;  0,00;  0,00;        12,10;1;0;      0,0000;   0,0000;       1,210
C7806932;POP LA COOP                           ;78160   ;MARLY LE ROI                          ;8428532230085;MIL049                   ;BOISSON AMANDE NATURE CALCIUM SANS SUCRE LITRE                                  ;03      ;BVGAMAND;ECOMIL  ;     1;       6,000;       6,000;       2,500;  8,00;  0,00;  0,00;        13,80;1;0;      0,0000;   0,0000;       2,300
C7806932;POP LA COOP                           ;78160   ;MARLY LE ROI                          ;8428532230276;MIL063                   ;LAIT DE COCO-CALCIUM NATURE SANS SUCRE - SANS GLUTEN - 1L                       ;03      ;BVGAUTRE;ECOMIL  ;     1;       6,000;       6,000;       2,350;  8,00;  0,00;  0,00;        12,96;1;0;      0,0000;   0,0000;       2,160
C7806932;POP LA COOP                           ;78160   ;MARLY LE ROI                          ;8712153027156;IDE102                   ;TOMATES PELEES 400G                                                             ;03      ;PRESAUTO;BIOIDE  ;     1;      12,000;      12,000;       0,850;  8,00;  0,00;  0,00;         9,36;1;0;      0,0000;   0,0000;       0,780
C7806932;POP LA COOP                           ;78160   ;MARLY LE ROI                          ;8713576007411;TSN016                   ;CACAHUETES EN COQUE 330G                                                        ;03      ;3FRSEC  ;TERRAS  ;     1;       8,000;       8,000;       2,860;  8,00;  0,00;  0,00;        21,04;1;0;      0,0000;   0,0000;       2,630
C7806932;POP LA COOP                           ;78160   ;MARLY LE ROI                          ;8713576111033;TSN001                   ;CORNICHONS AIGRE-DOUX 670G                                                      ;03      ;CONDIM  ;TERRAS  ;     1;       6,000;       6,000;       2,990;  8,00;  0,00;  0,00;        16,50;1;0;      0,0000;   0,0000;       2,750
C7806932;POP LA COOP                           ;78160   ;MARLY LE ROI                          ;8713576130256;TSN003                   ;GAUFRES  NOISETTES 175G                                                         ;03      ;BISCUSEC;TERRAS  ;     1;      12,000;      12,000;       1,800;  8,00;  0,00;  0,00;        19,92;1;0;      0,0000;   0,0000;       1,660
C7806932;POP LA COOP                           ;78160   ;MARLY LE ROI                          ;8713576130355;TSN004                   ;GAUFRES  MIEL 175G                                                              ;03      ;BISCUSEC;TERRAS  ;     1;      12,000;      12,000;       1,800;  8,00;  0,00;  0,00;        19,92;1;0;      0,0000;   0,0000;       1,660
C7806932;POP LA COOP                           ;78160   ;MARLY LE ROI                          ;8717496906175;IDE022                   ;TOMATES PELEES 800G                                                             ;03      ;PRELEGNA;BIOIDE  ;     1;       6,000;       6,000;       1,630;  8,00;  0,00;  0,00;         9,00;1;0;      0,0000;   0,0000;       1,500
C7806932;POP LA COOP                           ;78160   ;MARLY LE ROI                          ;             ;VIA021                   ;XYLITOL 200G                                                                    ;03      ;CONEPIAR;FRUCTIVI;     1;      10,000;      10,000;       4,130;  8,00;  0,00;  0,00;        38,00;1;0;      0,0000;   0,0000;       3,800
C7806932;POP LA COOP                           ;78160   ;MARLY LE ROI                          ;3770014147387;ATW002                   ;SAVON VAISSELLE SOLIDE ECOLOGIQUE ROMARIN 203G                                  ;06      ;ZD      ;ANOTHER ;     1;      12,000;      12,000;       4,060;  8,00;  0,00;  0,00;        44,88;2;0;      0,0000;   0,0000;       3,740
C7806932;POP LA COOP                           ;78160   ;MARLY LE ROI                          ;3489940036145;LGR037                   ;DÉSINFECTANT SALLE DE BAIN 500ML                                                ;06      ;ENTMAISO;ARTISENT;     1;      12,000;      12,000;       2,820;  8,00;  0,00;  0,00;        31,08;2;0;      0,0000;   0,0000;       2,590
C7806932;POP LA COOP                           ;78160   ;MARLY LE ROI                          ;3489940036022;LGR030                   ;GEL DÉTARTRANT 750ML                                                            ;06      ;ENTMAISO;ARTISENT;     1;      12,000;      12,000;       1,870;  8,00;  0,00;  0,00;        20,64;2;0;      0,0000;   0,0000;       1,720
C7806932;POP LA COOP                           ;78160   ;MARLY LE ROI                          ;3489940036039;LGR031                   ;NETTOYANT MULTIUSAGE 1L                                                         ;06      ;ENTMAISO;ARTISENT;     1;      12,000;      12,000;       2,190;  8,00;  0,00;  0,00;        24,12;2;0;      0,0000;   0,0000;       2,010
C7806932;POP LA COOP                           ;78160   ;MARLY LE ROI                          ;3489910036091;LGR111                   ;SOLS ET SURFACES LISSES 1L                                                      ;06      ;ENTMAISO;ARTISENT;     1;      12,000;      12,000;       2,100;  8,00;  0,00;  0,00;        23,16;2;0;      0,0000;   0,0000;       1,930
C7806932;POP LA COOP                           ;78160   ;MARLY LE ROI                          ;3489940036008;LGR028                   ;LIQUIDE VAISSELLE 1 L                                                           ;06      ;ENTVAISS;ARTISENT;     1;      12,000;      12,000;       1,540;  8,00;  0,00;  0,00;        17,04;2;0;      0,0000;   0,0000;       1,420
C7806932;POP LA COOP                           ;78160   ;MARLY LE ROI                          ;3489940036190;LGR039                   ;ASSOUPLISSANT LAVANDIN 1,5L                                                     ;06      ;ENTLINGE;ARTISENT;     1;       6,000;       6,000;       2,760;  8,00;  0,00;  0,00;        15,24;2;0;      0,0000;   0,0000;       2,540
C7806932;POP LA COOP                           ;78160   ;MARLY LE ROI                          ;3489940036206;LGR040                   ;SHAMPOOING LAINE & DÉLICAT 1,5 L                                                ;06      ;ENTLINGE;ARTISENT;     1;       6,000;       6,000;       3,330;  8,00;  0,00;  0,00;        18,36;2;0;      0,0000;   0,0000;       3,060
C7806932;POP LA COOP                           ;78160   ;MARLY LE ROI                          ;5412533410662;ECO040                   ;NETTOYANT WC SENTEUR PIN ECOCERT 750ML                                          ;06      ;ENTMAISO;ECOVER  ;     1;       6,000;       6,000;       2,210;  8,00;  0,00;  0,00;        12,18;2;0;      0,0000;   0,0000;       2,030
C7806932;POP LA COOP                           ;78160   ;MARLY LE ROI                          ;5412533410648;ECO062                   ;SPRAY VITRES ET SURFACES VITREES ECOCERT 500ML                                  ;06      ;ENTMAISO;ECOVER  ;     1;       6,000;       6,000;       2,690;  8,00;  0,00;  0,00;        14,82;2;0;      0,0000;   0,0000;       2,470
C7806932;POP LA COOP                           ;78160   ;MARLY LE ROI                          ;5412533415285;ECO007                   ;LIQUIDE DE RINCAGE 500ML                                                        ;06      ;ENTVAISS;ECOVER  ;     1;      12,000;      12,000;       2,930; 40,00;  0,00;  0,00;        21,12;2;0;      0,0000;   0,0000;       1,760
C7806932;POP LA COOP                           ;78160   ;MARLY LE ROI                          ;5412533408942;ECO001                   ;LIQUIDE VAISSELLE MAIN CAMOMILLE ET SOUCI ECOCERT LITRE                         ;06      ;ENTVAISS;ECOVER  ;     1;      12,000;      12,000;       2,510;  8,00;  0,00;  0,00;        27,72;2;0;      0,0000;   0,0000;       2,310
C7806932;POP LA COOP                           ;78160   ;MARLY LE ROI                          ;5412533003161;ECO090                   ;LIQUIDE VAISSELLE MAIN CITRON ECOCERT 500ML                                     ;06      ;ENTVAISS;ECOVER  ;     1;      12,000;      12,000;       1,740;  8,00;  0,00;  0,00;        19,20;2;0;      0,0000;   0,0000;       1,600
C7806932;POP LA COOP                           ;78160   ;MARLY LE ROI                          ;5412533404708;ECO075                   ;TABLETTES LAVE VAISSELLE 500G (25 TAB) ECOCERT                                  ;06      ;ENTVAISS;ECOVER  ;     1;      12,000;      12,000;       3,910;  8,00;  0,00;  0,00;        43,20;2;0;      0,0000;   0,0000;       3,600
C7806932;POP LA COOP                           ;78160   ;MARLY LE ROI                          ;5412533416138;ECO096                   ;TABLETTES LAVE VAISSELLE TOUT EN 1 0.88KG - 44 TAB.                             ;06      ;ENTVAISS;ECOVER  ;     1;       5,000;       5,000;       8,200;  8,00;  0,00;  0,00;        37,70;2;0;      0,0000;   0,0000;       7,540
C7806932;POP LA COOP                           ;78160   ;MARLY LE ROI                          ;5412533409390;ECO089                   ;TABLETTES LAVE VAISSELLE XL ECOCERT 1.4KG 70 TAB                                ;06      ;ENTVAISS;ECOVER  ;     1;       5,000;       5,000;       9,980;  8,00;  0,00;  0,00;        45,90;2;0;      0,0000;   0,0000;       9,180
C7806932;POP LA COOP                           ;78160   ;MARLY LE ROI                          ;9999999100499;LEG329                   ;BETTERAVE CHIOGGIA FRANCE, LE KG                                                ;01      ;1LEG    ;BETTERAV;     1;       5,000;       5,000;       1,860;  0,00;  0,00;  0,00;         9,30;1;1;      0,0000;   0,0000;       1,860
C7806932;POP LA COOP                           ;78160   ;MARLY LE ROI                          ;9999990003794;LEG177                   ;BLETTE PIED FRANCE, LE KG                                                       ;01      ;1LEG    ;BLETTE  ;     1;       7,000;       7,000;       2,250;  0,00;  0,00;  0,00;        15,75;1;1;      0,0000;   0,0000;       2,250
C7806932;POP LA COOP                           ;78160   ;MARLY LE ROI                          ;9999990004234;LEG185                   ;CAROTTE BOTTE FRANCE, LA PIECE                                                  ;01      ;1LEG    ;CAROTTE ;     2;      24,000;      24,000;       2,210;  0,00;  0,00;  0,00;        53,04;1;1;      0,0000;   0,0000;       2,210
C7806932;POP LA COOP                           ;78160   ;MARLY LE ROI                          ;9999999103322;LEG578                   ;CHAMPIGNON BRUN *VRAC* PIED NON COUPE FRANCE, LE KG                             ;01      ;1LEG    ;CHAMPIGN;     5;      10,000;      10,000;       7,560;  0,00;  0,00;  0,00;        75,60;1;1;      0,0000;   0,0000;       7,560
C7806932;POP LA COOP                           ;78160   ;MARLY LE ROI                          ;9999990001057;LEG099                   ;CHOUX BROCOLI FRANCE, LE KG                                                     ;01      ;1LEG    ;CHOUXBRO;     2;      10,000;      10,000;       4,620;  0,00;  0,00;  0,00;        46,20;1;1;      0,0000;   0,0000;       4,620
C7806932;POP LA COOP                           ;78160   ;MARLY LE ROI                          ;9999999107191;LEG551                   ;CHOUX-FLEURS FRANCE, 11 PCES, LE COLIS                                          ;01      ;1LEG    ;CHOUXFL ;     1;       1,000;       1,000;      10,530;  0,00;  0,00;  0,00;        10,53;1;1;      0,0000;   0,0000;      10,530
C7806932;POP LA COOP                           ;78160   ;MARLY LE ROI                          ;9999990000364;LEG030                   ;FENOUIL FRANCE, LE KG                                                           ;01      ;1LEG    ;FENOUIL ;     1;       7,000;       7,000;       4,280;  0,00;  0,00;  0,00;        29,96;1;1;      0,0000;   0,0000;       4,280
C7806932;POP LA COOP                           ;78160   ;MARLY LE ROI                          ;9999990001552;LEG149                   ;OIGNON JAUNE FRANCE, CAL 40/60/80, LE KG                                        ;01      ;1LEG    ;OIGNON  ;     1;      10,000;      10,000;       1,440;  0,00;  0,00;  0,00;        14,40;1;1;      0,0000;   0,0000;       1,440
C7806932;POP LA COOP                           ;78160   ;MARLY LE ROI                          ;9999999109263;LEG966                   ;P DE TERRE DE CONSOMMATION SAC (FERME), SAC 4 x2,5KG, LE KG                     ;01      ;1LEG    ;PDT     ;     2;       8,000;       8,000;       3,720;  0,00;  0,00;  0,00;        29,76;1;1;      0,0000;   0,0000;       3,720
C7806932;POP LA COOP                           ;78160   ;MARLY LE ROI                          ;9999999110306;LEG345                   ;PATATE DOUCE FRANCE, CAL MOYEN/GROS, LE KG                                      ;01      ;1LEG    ;PDT     ;     2;      12,000;      12,000;       2,400;  0,00;  0,00;  0,00;        28,80;1;1;      0,0000;   0,0000;       2,400
C7806932;POP LA COOP                           ;78160   ;MARLY LE ROI                          ;9999990000120;LEG005                   ;POIREAU FRANCE, 10KG, LE KG                                                     ;01      ;1LEG    ;POIREAU ;     1;      10,000;      10,000;       1,950;  0,00;  0,00;  0,00;        19,50;1;1;      0,0000;   0,0000;       1,950
C7806932;POP LA COOP                           ;78160   ;MARLY LE ROI                          ;9999990004478;LEG301                   ;RADIS ROUGE TYPE ROUGE DE CHINE FRANCE, LE KG                                   ;01      ;1LEG    ;RADIS   ;     1;       5,000;       5,000;       2,250;  0,00;  0,00;  0,00;        11,25;1;1;      0,0000;   0,0000;       2,250
C7806932;POP LA COOP                           ;78160   ;MARLY LE ROI                          ;9999999100451;LEG327                   ;SALADE CRESSON, LA BOTTE                                                        ;01      ;1LEG    ;AROMATIQ;     2;      12,000;      12,000;       2,920;  0,00;  0,00;  0,00;        35,04;1;1;      0,0000;   0,0000;       2,920
C7806932;POP LA COOP                           ;78160   ;MARLY LE ROI                          ;9999999104459;FRI624                   ;AVOCAT HASS *VRAC* ESPAGNE, CAL 30/32, 6 KG, LE KG                              ;01      ;2FRU    ;AVOCAT  ;     2;      12,000;      12,000;       4,220;  0,00;  0,00;  0,00;        50,64;1;2;      0,0000;   0,0000;       4,220
C7806932;POP LA COOP                           ;78160   ;MARLY LE ROI                          ;9999999102240;FRI511                   ;BANANE TOURNANT JAUNE COLO 4, LE KG                                             ;01      ;2FRU    ;BANANE  ;     2;      37,000;      37,000;       1,370;  0,00;  0,00;  0,00;        50,69;1;2;      0,0000;   0,0000;       1,370
C7806932;POP LA COOP                           ;78160   ;MARLY LE ROI                          ;9999999107368;FRI849                   ;CITRON JAUNE ITALIE, CAL 3/4, LE KG                                             ;01      ;2FRU    ;CITRON  ;     2;      12,000;      12,000;       1,470;  0,00;  0,00;  0,00;        17,64;1;2;      0,0000;   0,0000;       1,470
C7806932;POP LA COOP                           ;78160   ;MARLY LE ROI                          ;9999999109300;FRI635                   ;CLEMENTINE TYPE NULES ESPAGNE, CAL 2/3/4, LE KG                                 ;01      ;2FRU    ;CLEMENTI;     5;      30,000;      30,000;       1,900;  0,00;  0,00;  0,00;        57,00;1;2;      0,0000;   0,0000;       1,900
C7806932;POP LA COOP                           ;78160   ;MARLY LE ROI                          ;9999999109485;FRI483                   ;KAKI PERSIMON/ROJO BRILLANTE ESPAGNE, CAL 16/22/24, LE KG                       ;01      ;2FRU    ;KAKI    ;     1;       5,150;       5,150;       3,760;  0,00;  0,00;  0,00;        19,36;1;2;      0,0000;   0,0000;       3,759
C7806932;POP LA COOP                           ;78160   ;MARLY LE ROI                          ;9999999100543;FRI211                   ;KIWI HAYWARD *VRAC* FRANCE, CAL 25/27, LE KG                                    ;01      ;2FRU    ;KIWI    ;     2;      20,000;      20,000;       3,650;  0,00;  0,00;  0,00;        73,00;1;1;      0,0000;   0,0000;       3,650
C7806932;POP LA COOP                           ;78160   ;MARLY LE ROI                          ;9999990002047;FRI025                   ;ORANGE A JUS ESPAGNE, CAL 6/7/8, LE KG                                          ;01      ;2FRU    ;ORANGE  ;     1;      10,000;      10,000;       1,110;  0,00;  0,00;  0,00;        11,10;1;2;      0,0000;   0,0000;       1,110
C7806932;POP LA COOP                           ;78160   ;MARLY LE ROI                          ;9999999109966;FRI176                   ;ORANGE NAVEL WASHINGTON ITALIE, CAL 2/3/4, LE KG                                ;01      ;2FRU    ;ORANGE  ;     1;      10,000;      10,000;       1,480;  0,00;  0,00;  0,00;        14,80;1;2;      0,0000;   0,0000;       1,480
C7806932;POP LA COOP                           ;78160   ;MARLY LE ROI                          ;9999999107283;FRI944                   ;POIRE CONFERENCE *VRAC*, CAL 50/55+, LE KG                                      ;01      ;2FRU    ;POIRE   ;     1;      13,000;      13,000;       2,650;  0,00;  0,00;  0,00;        34,45;1;1;      0,0000;   0,0000;       2,650
C7806932;POP LA COOP                           ;78160   ;MARLY LE ROI                          ;9999990003226;FRI150                   ;POMELO ROUGE ESPAGNE, CAL 3/4/5, LE KG                                          ;01      ;2FRU    ;POMELOS ;     1;       8,000;       8,000;       1,750;  0,00;  0,00;  0,00;        14,00;1;2;      0,0000;   0,0000;       1,750
